~id, ~label, title:string
p1, Person, YouTube
t1, Tag, beauty
t2, Tag, pride
t3, Tag, world pride
t4, Tag, jarvis johnson
t5, Tag, tarek ali
t6, Tag, creators
t7, Tag, youtube creators
t8, Tag, fashion
t9, Tag, triple j
t10, Tag, music
p2, Person, Sam VanFleet
t11, Tag, horse
t12, Tag, horses
t13, Tag, equestrian
t14, Tag, mustang
t15, Tag, extreme mustang makeover
t16, Tag, mustangs
t17, Tag, equestrians
t18, Tag, training
t19, Tag, equine
t20, Tag, wild horse
p3, Person, Creek Fishing Adventures
t21, Tag, extreme
t22, Tag, philly
t23, Tag, fishing
t24, Tag, johnb
t25, Tag, urban
t26, Tag, multi-species
t27, Tag, creek
t28, Tag, dalton
t29, Tag, stream
t30, Tag, fish
p4, Person, Elen Lane
t32, Tag, ulzzang
t33, Tag, ootd
t34, Tag, outfitideas
t35, Tag, koreanfashion
t36, Tag, aesthetic
t37, Tag, kpop
t38, Tag, ootdideas
t39, Tag, lookbook
t40, Tag, kfashion
p5, Person, grainydays
t41, Tag, 35mm
t42, Tag, analog
t43, Tag, photos
t44, Tag, shoot film
t45, Tag, 120
t46, Tag, portra
t47, Tag, medium format
t48, Tag, kodak
t49, Tag, film is not dead
t50, Tag, fuji
p6, Person, Vacuum Wars
t51, Tag, vacuum wars
t52, Tag, robot vacuum
t53, Tag, best carpet cleaning machine
t54, Tag, shark apex duoclean
t55, Tag, bissell pet hair eraser
t56, Tag, shark robot vacuum
t57, Tag, shark robot vacuum differences
t58, Tag, shark r85 vs r87
t59, Tag, shark rv850
t60, Tag, rv871
p7, Person, NigelBarros
t61, Tag, how to filmmaking
t62, Tag, nigel barros
t63, Tag, panasonic gh3
t64, Tag, best video camera
t65, Tag, panasonic g6
t66, Tag, cheap cinematic camera
t67, Tag, sigma 16mm f1.4
t68, Tag, budget filmmaking
t69, Tag, micro 4/3 lenses
t70, Tag, cheap filmmaking gear
p8, Person, DeJesus Custom Footwear
t71, Tag, dejesus custom footwear
t72, Tag, angelus paint
t73, Tag, angelus direct
t74, Tag, dejesus customs
t75, Tag, custom shoes
t76, Tag, how to customize shoes
t77, Tag, how to custom cleats
t78, Tag, how to paint shoes
t79, Tag, how to airbrush shoes
t80, Tag, customs
p9, Person, Seth James DeMoor
t81, Tag, daily vlog
t82, Tag, seth james demoor
t83, Tag, running vlog
t84, Tag, running inspiration
t85, Tag, running gear
t86, Tag, how to run
t87, Tag, motivation to start running
t88, Tag, how to run fast
t89, Tag, how to run faster
t90, Tag, running motivation
p10, Person, AFC vending
t91, Tag, vending
t92, Tag, how to start a vending business
t93, Tag, gumball machines
t94, Tag, collecting money from my vending business
t95, Tag, vending machine
t96, Tag, how to buy a vending machine
t97, Tag, how much money do i need to start a vending business
t98, Tag, collecting from my vending machines
t99, Tag, how much do i make in vending
t100, Tag, jaime ibanez
p11, Person, Doberman Planet
t101, Tag, dobermann
t102, Tag, doberman pinscher
t103, Tag, doberman
t104, Tag, are dobermans good family dogs
t105, Tag, doberman health
t106, Tag, doberman anxiety
t107, Tag, living with a doberman
t108, Tag, dobermans with kids
t109, Tag, should i get a doberman
t110, Tag, alternative colors
p12, Person, V-BELT and SON
t111, Tag, cummins
t112, Tag, gooseneck
t113, Tag, towing
t114, Tag, logging
t115, Tag, diesel
t116, Tag, kubota
t117, Tag, dodge 5500
t118, Tag, lowboy
t119, Tag, skid steer
t120, Tag, takeuchi
p13, Person, UNITED BY TRUCKS
t121, Tag, patina
t122, Tag, finnegans garage
t123, Tag, roadkill
t124, Tag, motor trend
t125, Tag, hot rod garage
t126, Tag, gears wheels and motors
t127, Tag, c10 talk
t128, Tag, junkyard digs
t129, Tag, barn find hunter
t130, Tag, lowlife video
p14, Person, Salvage Workshop
t131, Tag, metalworking
t132, Tag, woodworking
t133, Tag, blacksmith
t134, Tag, tool restoration
t135, Tag, repair
t136, Tag, hand tool rescue
t137, Tag, black beard projects
t138, Tag, how to restore a
t139, Tag, restore
t140, Tag, tysytube
p15, Person, Gold Shaw Farm
t141, Tag, gold shaw farm
t142, Tag, duck farm
t143, Tag, goose farm
t144, Tag, vermont farm
t145, Tag, raising ducks
t146, Tag, khaki campbell ducks
t147, Tag, homesteading
t148, Tag, duck farming
t149, Tag, small duck farm
t150, Tag, homestead
p16, Person, V2 Vids
t151, Tag, monster trucks
t152, Tag, overkill evolution
t153, Tag, jumps
t154, Tag, racing
t155, Tag, monster truck
t156, Tag, avenger
t157, Tag, mikey vaters
t158, Tag, freestyle
t159, Tag, tricks
t160, Tag, repairs
p17, Person, The East Fam Talks
t161, Tag, andrew east
t162, Tag, entrepreneur
t163, Tag, interview
t164, Tag, podcast
t165, Tag, fame
t166, Tag, passion
t167, Tag, inspired
t168, Tag, nashville
t169, Tag, capture
t170, Tag, audience
p18, Person, Mike O'Brien
t171, Tag, echo buds
t172, Tag, honest review
t173, Tag, samsung
t174, Tag, fossil hr
t175, Tag, fossil gen 5
t176, Tag, best android smartwatch
t177, Tag, echobuds
t178, Tag, amazon echobuds
t179, Tag, amazon echo buds
t180, Tag, best earbuds 2019
p19, Person, JoshXBarber
t181, Tag, hair
t182, Tag, andis
t183, Tag, babyliss
t184, Tag, beard
t185, Tag, fade
t186, Tag, 360 jeezy
t187, Tag, how to cut hair
t188, Tag, best of barbers
t189, Tag, haircut video
t190, Tag, best haircut ever
p20, Person, Backyard Trail Builds
t191, Tag, backyard mtb trail
t192, Tag, diy
t193, Tag, mtb features
t194, Tag, how to build
t195, Tag, mtb trail build
t196, Tag, mountain bike
t197, Tag, backyard trail build
t198, Tag, backyard trail building
t199, Tag, mtb feature
t200, Tag, backyard mountain biking
p21, Person, Wicked Makers
t201, Tag, diy halloween
t203, Tag, halloween props diy
t204, Tag, diy halloween decorations
t205, Tag, halloween props
t206, Tag, wicked makers
t207, Tag, halloween diy
t208, Tag, diy halloween props
t209, Tag, halloween decorations
t210, Tag, husband and wife
p22, Person, Regular Guy Mountain Biking
t211, Tag, regular guy mountain biking
t212, Tag, mountain biking
t214, Tag, santa cruz nomad
t215, Tag, mtb
t216, Tag, wawayanda state park
t217, Tag, #bikechat
t218, Tag, bikechat
t219, Tag, mountain creek bike park
t220, Tag, downhill mountain biking
p23, Person, Fielding Shredder
t221, Tag, fielding
t222, Tag, shredder
t223, Tag, fielding shredder
t224, Tag, drifting
t225, Tag, drifty
t226, Tag, drift
t227, Tag, drift car
t228, Tag, car
t229, Tag, cars
p24, Person, Abbie Emmons
t231, Tag, abbie emmons
t232, Tag, nanowrimo
t233, Tag, novel
t234, Tag, authortube
t235, Tag, writing
t236, Tag, writing tips
t237, Tag, outlining
t238, Tag, characters
t239, Tag, fiction
t240, Tag, story
p25, Person, Good Simple Living
t241, Tag, good simple living
t244, Tag, farming
t245, Tag, process your own meat
t246, Tag, meat rabbits
t247, Tag, raising rabbits
t248, Tag, off grid
t249, Tag, permaculture
t250, Tag, how to rabbits
p26, Person, BuiltToCruise
t251, Tag, builttocruise
t252, Tag, built to cruise
t253, Tag, minitruckin stories
t254, Tag, minitrucker stories
t255, Tag, minitruckin magazine
t256, Tag, mini truckin magazine
t257, Tag, minitruckerstories
t258, Tag, truckin magazine
t259, Tag, street trucks
t260, Tag, street trucks magazine
p27, Person, Christopher Chaos
t261, Tag, christopher chaos
t262, Tag, us army
t263, Tag, us army veteran
t264, Tag, army veteran live stream
t265, Tag, army
t266, Tag, chaos live
t267, Tag, questions and answers
t268, Tag, why i got out of the army
t269, Tag, leaving the army
t270, Tag, ets from the army
p28, Person, GuineaDad
t271, Tag, piggies
t272, Tag, las vegas
t273, Tag, nevada
t274, Tag, guineadad
t275, Tag, piggy
t276, Tag, guinea
t277, Tag, guinea pig
t278, Tag, guineadad liners
t279, Tag, small animals
t280, Tag, do it yourself
p29, Person, The Elegant Oxford
t281, Tag, saphir
t282, Tag, allenedmonds
t283, Tag, mirrorshine
t284, Tag, shoeshine
t285, Tag, shoerestoration
t286, Tag, spitshine
t287, Tag, shoerestore
t288, Tag, asmr
t289, Tag, shoecare
t290, Tag, leatherdye
p30, Person, Broncs and Donks
t291, Tag, tyler
t292, Tag, better
t293, Tag, olsen
t295, Tag, skinner
t296, Tag, mule
t297, Tag, mules
t298, Tag, horse or mule
t299, Tag, mule or horse
p31, Person, Acres of Clay Homestead
t303, Tag, family farm
t304, Tag, farm kids
t305, Tag, farm
t306, Tag, cows
t307, Tag, cow
t308, Tag, dairy
t309, Tag, milk
p32, Person, Justin Bieber
t311, Tag, justin bieber
t312, Tag, purpose
t313, Tag, what do you mean
t314, Tag, calvin klein
t315, Tag, ed sheeran
t316, Tag, trailer
t317, Tag, children
t318, Tag, justinbieber
t319, Tag, christmas
t320, Tag, sorry
p33, Person, ChrisBrownTV
t321, Tag, chris
t322, Tag, brown
t323, Tag, team breezy
t324, Tag, exclusive
t325, Tag, chris brown
t326, Tag, chris brown back to love
t327, Tag, back to love
t328, Tag, randb
t329, Tag, chris brown vevo
t330, Tag, chris brown music
p34, Person, Sia
t331, Tag, sia
t332, Tag, holiday music
t333, Tag, pop music
t334, Tag, pop
t335, Tag, chandelier
t336, Tag, maddie ziegler
t337, Tag, everyday is christmas
t338, Tag, puppies are forever
t339, Tag, nostalgic for the present tour
t340, Tag, nostalgic for the present
p35, Person, Ariana Grande
t341, Tag, bts
t342, Tag, thank u next
t343, Tag, behind the scenes
t344, Tag, ariana grande
t345, Tag, charlies angels
t346, Tag, social house
t347, Tag, boyfriend
t348, Tag, 7 rings
t349, Tag, victoria monet
t350, Tag, lyric video
p36, Person, One Direction
t351, Tag, one direction vevo
t352, Tag, one direction fireproof
t353, Tag, one direction story of my life
t354, Tag, one direction lyrics
t355, Tag, one direction live
t356, Tag, one direction steal my girl
t357, Tag, steal my girl
t358, Tag, one direction four
t359, Tag, one direction 4
t360, Tag, 1d
p37, Person, Rihanna
t361, Tag, savagexfenty
t362, Tag, savagex
t363, Tag, savage x fenty
t364, Tag, lingerie
t365, Tag, rhianna
t366, Tag, savage x
t367, Tag, fashion show
t368, Tag, nyfw
t369, Tag, fenty
t370, Tag, savage
p38, Person, Beyoncé
t371, Tag, beyonce
t373, Tag, the formation world tour
t374, Tag, beyhive
t375, Tag, plantbased
t376, Tag, 22days
t377, Tag, 22daysnutrition
t378, Tag, health
t379, Tag, lifestyle
t380, Tag, wellness
p39, Person, Katy Perry
t381, Tag, live
t382, Tag, livestream
t384, Tag, katy perry behind the scenes
t385, Tag, katy perry small talk
t386, Tag, small talk katy perry
t387, Tag, swish swish
t388, Tag, katy perry new song
t389, Tag, katie perry
t390, Tag, official video katy perry
p40, Person, Nicki Minaj
t391, Tag, minaj
t392, Tag, pink friday
t393, Tag, nicki minaj 2018
t394, Tag, nicki
t395, Tag, the pink print
t396, Tag, ymcmb
t397, Tag, minaj video
t398, Tag, nicki minaj chun li
t400, Tag, pills n potions
p41, Person, Bruno Mars
t401, Tag, bruno mars 24k magic
t402, Tag, bruno mars that's what i like
t403, Tag, 24k magic bruno mars
t404, Tag, atlantic
t405, Tag, that's what i like bruno mars
t406, Tag, bruno mars thats what i like
t407, Tag, official video
t408, Tag, bruno mars live
t409, Tag, thats what i like bruno mars
t410, Tag, live bruno mars
p42, Person, EminemMusic
t411, Tag, eminem 2018
t412, Tag, eminem kamikaze
t413, Tag, kamikaze 2018
t414, Tag, new eminem
t415, Tag, kamikaze
t416, Tag, eminem 2017
t417, Tag, bodied
t418, Tag, kamikaze interview
t419, Tag, eminem interview
t420, Tag, eminem revival
p43, Person, Wiz Khalifa
t421, Tag, wiz khalifa
t422, Tag, blacc hollywood
t423, Tag, taylor gang
t424, Tag, atlantic records
t425, Tag, hip hop
t426, Tag, wiz
t427, Tag, khalifa
t428, Tag, pittsburgh
t429, Tag, los angeles
t430, Tag, taylorgangent
p44, Person, CollegeHumor
t431, Tag, comedy
t432, Tag, sketch comedy
t433, Tag, internet
t434, Tag, humor
t435, Tag, funny
t436, Tag, sketch
t437, Tag, raphael chestang
t438, Tag, mike trapp
t439, Tag, katie marovitch
t440, Tag, jessica ross
p45, Person, LeafyIsHere
t441, Tag, parody
t442, Tag, roasts
t443, Tag, roasted
t444, Tag, parodying
t445, Tag, roast
t446, Tag, compiliation
t447, Tag, exposed
t448, Tag, comp
t449, Tag, react
t450, Tag, reaction
p46, Person, Annoying Orange
t451, Tag, annoying orange
t453, Tag, fruit
t454, Tag, talking
t455, Tag, animation
t456, Tag, daneboe
t457, Tag, cartoon
t460, Tag, spoof
p47, Person, HiddenReaction
t461, Tag, love
t462, Tag, happy
t463, Tag, relationship
t464, Tag, goals
t465, Tag, picking
t466, Tag, up
t467, Tag, vlog
t468, Tag, hiddenreaction
t469, Tag, zade abdullah
t470, Tag, kyle nutt
p48, Person, FailArmy
t471, Tag, failarmy
t472, Tag, fail army
t473, Tag, fails
t474, Tag, funny videos
t475, Tag, fails of the week
t476, Tag, funny fails
t477, Tag, fail
t478, Tag, failarmy 2019
t479, Tag, fails 2019
t480, Tag, fail 2019
p49, Person, LaToya Forever
t481, Tag, latoyaforever
t482, Tag, samia471
t483, Tag, vlogger
t484, Tag, latoya forever
t485, Tag, latoyaslife
t486, Tag, latoya's life
t487, Tag, food challenge
t488, Tag, makeup challenge
t489, Tag, labor and delivery
t490, Tag, latoya forever storytime
p50, Person, Comedy Central
t491, Tag, funny video
t492, Tag, comedy central
t495, Tag, comedians
t496, Tag, comedy videos
t497, Tag, comedian
t498, Tag, comedy show
t499, Tag, tv show
t500, Tag, tv comedy
p51, Person, nigahiga
t501, Tag, ryan
t502, Tag, higa
t503, Tag, higatv
t504, Tag, nigahiga
t506, Tag, offthepill
t507, Tag, ryanhiga
t508, Tag, ninja melk
t509, Tag, rhpc
t510, Tag, paco
p52, Person, As/Is
t511, Tag, buzzfeed
t512, Tag, as/is
t513, Tag, as is
t514, Tag, women
t515, Tag, buzzfeed as is
t516, Tag, women try
t518, Tag, style
t519, Tag, style and fashion
t520, Tag, style challenge
p53, Person, ERB
t521, Tag, rap battle
t522, Tag, rap battles of history
t523, Tag, erb
t524, Tag, epic rap battles of history
t525, Tag, epic rap battles
t526, Tag, erb season 6
t527, Tag, rap battles
t528, Tag, erb new
t529, Tag, erb of history
t530, Tag, new erb
p54, Person, SlimMofication
t531, Tag, slimmofication
t532, Tag, hilarious
t533, Tag, pranks
t534, Tag, slim albaher
t535, Tag, best funny entertainment
t537, Tag, family
t538, Tag, adam saleh
t539, Tag, vlogs
t540, Tag, crazy
p55, Person, StevenCrowder
t541, Tag, steven crowder
t542, Tag, stephen crowder
t543, Tag, louder with crowder
t544, Tag, politics
t545, Tag, news
t546, Tag, crowder
t547, Tag, mug club
t549, Tag, liberal
t550, Tag, libertarian
p56, Person, Jinx
t552, Tag, laugh
t553, Tag, game
t554, Tag, gaming
t555, Tag, vine
t556, Tag, vines
t557, Tag, gifs
t558, Tag, gamers
t559, Tag, gif
t560, Tag, tik tok
p57, Person, fouseyTUBE
t561, Tag, fousey
t562, Tag, fouseytube
t563, Tag, boxing
t564, Tag, everlast
t565, Tag, exercise
t566, Tag, fitness
t567, Tag, yousef erakat
t568, Tag, fousey boxing
t570, Tag, gym
p58, Person, 2M Media
t572, Tag, funniest
t573, Tag, baby
t574, Tag, babies
t577, Tag, laughing
t578, Tag, cute
t579, Tag, cutest
t580, Tag, laughter
p59, Person, Wassabi
t581, Tag, family friendly
t582, Tag, smile
t583, Tag, new house
t584, Tag, surprise
t585, Tag, makeover
t586, Tag, best friend
t587, Tag, brothers
t588, Tag, girlfriend
t590, Tag, moving
p60, Person, Bert and Sykes
t591, Tag, celebrities with weird/hidden talents
t593, Tag, harry styles
t594, Tag, one direction
t595, Tag, jesy nelson: odd one out
t596, Tag, camila cabello
t597, Tag, funniest design fails ever
t598, Tag, camila
t599, Tag, stranger things
t600, Tag, celebrities
p61, Person, BuzzFeedVideo
t601, Tag, buzzfeedvideo
t603, Tag, buzzfeed video
t604, Tag, taste test
t606, Tag, food
t607, Tag, people try
t608, Tag, relationships
t609, Tag, story time
t610, Tag, storytime
p62, Person, King Jamal
t611, Tag, king jamal
t612, Tag, ksi vs logan paul
t613, Tag, challenger games
t614, Tag, deestroying wins 100m dash
t615, Tag, charly jordan
t616, Tag, challenger games live
t617, Tag, challenger games livestream
t618, Tag, nba memes
t619, Tag, 2019 nba finals
t620, Tag, nba finals memes
p63, Person, JennaMarbles
t621, Tag, jenna
t622, Tag, marbles
t623, Tag, mourey
t624, Tag, julien
t626, Tag, kermit
t627, Tag, solomita
t630, Tag, bunny
p64, Person, Lilly Singh
t631, Tag, team super
t633, Tag, skit
t634, Tag, youtube superwoman
t635, Tag, types of people
t636, Tag, superwoman youtube
t637, Tag, rant
t638, Tag, manjeet
t639, Tag, paramjeet
t640, Tag, parents
p65, Person, Bart Baker
t641, Tag, lil pump esketit
t642, Tag, esketit
t643, Tag, gucci gang official music video
t644, Tag, taylor
t646, Tag, reacts
t648, Tag, disstrack
t649, Tag, ft.
t650, Tag, logan
p66, Person, Adult Swim
t651, Tag, adult swim
t654, Tag, rick and morty
t655, Tag, cartoon network
t656, Tag, video
t657, Tag, justin roiland
t658, Tag, dan harmon
t659, Tag, rick and morty season 4
t660, Tag, williams street
p67, Person, FBE
t663, Tag, teens react
t664, Tag, youtubers react
t665, Tag, fbe
t666, Tag, adults react
t667, Tag, for the first time
t668, Tag, elders react
t669, Tag, parents react
t670, Tag, kids react
p68, Person, REACT
t674, Tag, laugh challenge
t675, Tag, guess that
t676, Tag, react channel
t677, Tag, people vs food
t678, Tag, fine brothers
t679, Tag, do they know it
t680, Tag, find the flaws
p69, Person, PowerfulJRE
t683, Tag, stand
t687, Tag, author
t688, Tag, joe rogan experience
t689, Tag, jre
t690, Tag, joe
p70, Person, Smosh
t691, Tag, smosh
t692, Tag, smosh pit
t693, Tag, smosh games
t696, Tag, ian hecox
t697, Tag, shayne topp
t698, Tag, courtney miller
t699, Tag, every blank ever
t700, Tag, damien haas
p71, Person, Joey Salads
t702, Tag, joey salads
t703, Tag, prank
t704, Tag, joey
t705, Tag, prank 2019
t706, Tag, best pranks
t707, Tag, pranks 2019
t708, Tag, 2019 prank
t709, Tag, salads
t710, Tag, 2019 pranks
p72, Person, Good Mythical Morning
t711, Tag, gmm
t712, Tag, good mythical morning
t713, Tag, rhettandlink
t714, Tag, rhett and link
t715, Tag, mythical morning
t716, Tag, mythical
t717, Tag, rhett
t718, Tag, link
t719, Tag, season 16
p73, Person, McJuggerNuggets
t721, Tag, mcjuggernuggets
t722, Tag, jesse ridgway
t725, Tag, family vlogs
t726, Tag, larry's lounge
t727, Tag, storyfire
t728, Tag, ridgid studios
t729, Tag, bigbrudda
p74, Person, Family Fun Pack
t731, Tag, family fun pack
t732, Tag, family fun pack twins
t733, Tag, family vlog
t734, Tag, family fun for everyone
t735, Tag, home video
t736, Tag, family fun pack halloween
t737, Tag, family fun pack mommy monday
t738, Tag, family vloggers
t739, Tag, family fun pack kristine
t740, Tag, family fun pack basketball
p75, Person, WatchMojo.com
t741, Tag, watchmojo
t742, Tag, top 10
t743, Tag, list
t744, Tag, watch mojo
t745, Tag, anime review
t746, Tag, listicles
t747, Tag, recommended anime
t748, Tag, anime battles
t749, Tag, video games
t750, Tag, amv
p76, Person, BuzzFeed Multiplayer
t751, Tag, gameplay
t752, Tag, videogames
t755, Tag, lets play sims 4
t756, Tag, playthrough
t757, Tag, the sims
t758, Tag, sims 4
t759, Tag, sims 4 gameplay
t760, Tag, lets play sims
p77, Person, The Real Daytime
t761, Tag, the real
t762, Tag, daytime
t763, Tag, talk show
t765, Tag, tamera mowry
t766, Tag, adrienne bailon
t767, Tag, loni love
t768, Tag, jeannie mai
p78, Person, AwesomenessTV
t769, Tag, awesomenesstv
t770, Tag, awesomeness
t771, Tag, daily report
t772, Tag, awesomenesstv hollywood
t773, Tag, reality show
t774, Tag, my dream quinceanera
t775, Tag, quinceanera
t776, Tag, quince
t777, Tag, shane dawson
t778, Tag, jeffree star
p79, Person, Brawadis
t779, Tag, brawadis
t781, Tag, basketball
t782, Tag, skits
t783, Tag, ghost
t786, Tag, vlogging
t787, Tag, browadis
t788, Tag, challenges
p80, Person, America's Got Talent
t789, Tag, talent
t790, Tag, agt champions
t791, Tag, terry crews
t792, Tag, america's got talent 2019
t793, Tag, america's got talent
t794, Tag, america's got talent fails
t795, Tag, america's got talent best
t796, Tag, america's got talent auditions
t797, Tag, agt
t798, Tag, agt 2019
p81, Person, Barcroft TV
t799, Tag, amazing news
t800, Tag, amazing stories
t801, Tag, amazing story
t802, Tag, amazing
t803, Tag, barcroft media
t804, Tag, barcroft
t805, Tag, documentary
t806, Tag, real life
t807, Tag, 2019
p82, Person, David Dobrik
t809, Tag, david
t810, Tag, dobrik
t811, Tag, to
t812, Tag, dating
t814, Tag, how
t817, Tag, try
t818, Tag, not
p83, Person, Screen Junkies
t819, Tag, screenjunkies
t820, Tag, screen junkies
t821, Tag, honest trailers
t822, Tag, honest trailer
t823, Tag, honest trailers commentary
t824, Tag, fandom
t825, Tag, honest commentaries
t826, Tag, honest commentary
t827, Tag, honest trailers commentaries
t828, Tag, power levels
p84, Person, DOSEofFOUSEY
t830, Tag, doseoffousey
t831, Tag, vlogs2016
t832, Tag, dose of fousey
t833, Tag, fousey pranks
t834, Tag, fouseytube pranks
t835, Tag, doseoffousey pranks
t837, Tag, the kats family
p85, Person, jennxpenn
t839, Tag, jennxpenn
t840, Tag, jennxpenn2
t841, Tag, jennxpenngames
t842, Tag, jenn
t843, Tag, jen
t844, Tag, penn
t845, Tag, pen
t846, Tag, mcallister
t847, Tag, jennxpen
t848, Tag, jenxpenn
p86, Person, Team Coco
t849, Tag, conan o'brien
t850, Tag, conan
t851, Tag, conan (tv series)
t852, Tag, tbs (tv channel)
t853, Tag, team coco
t854, Tag, late night with
t855, Tag, o'brien
t856, Tag, nbc
t857, Tag, hd
t858, Tag, hq
p87, Person, Liza Koshy
t859, Tag, lizzza
t860, Tag, lizzzavine
t861, Tag, lizzzak
t862, Tag, lizzzako
t863, Tag, koshy
t865, Tag, female
t866, Tag, david dobrik
t867, Tag, comic
t868, Tag, we broke up
p88, Person, Screen Rant
t869, Tag, dc movies
t870, Tag, marvel actors
t871, Tag, ryan george
t872, Tag, the mandalorian
t873, Tag, marvel
t874, Tag, the joker
t875, Tag, robert pattinson batman
t876, Tag, dc actors
t877, Tag, avengers endgame
t878, Tag, thanos
p89, Person, Movieclips
t879, Tag, entertainment
t880, Tag, mother! darren aronofsky
t881, Tag, mother! 2017
t882, Tag, mother! scene
t883, Tag, mother! clip
t884, Tag, mother! ending
t885, Tag, mother! hd
t886, Tag, mother! ending explained
t887, Tag, mother! trailer
t888, Tag, mother! review
p90, Person, Warner Bros. Pictures
t889, Tag, horror
t890, Tag, new line
t891, Tag, movie
t892, Tag, the shining
t893, Tag, it chapter two
t894, Tag, warner bros pictures
t895, Tag, warner bros
t896, Tag, official trailer
t898, Tag, joker
p91, Person, The Wendy Williams Show
t899, Tag, wendy williams
t900, Tag, the wendy williams show
t901, Tag, #youtubeblack
t903, Tag, celebrity news
t905, Tag, holiday gifts
t906, Tag, gift guide
t907, Tag, home decorating
t908, Tag, family photos
p92, Person, Britain's Got Talent
t909, Tag, britain's got talent
t910, Tag, britains got talent
t911, Tag, britain's
t912, Tag, got
t915, Tag, britains
t916, Tag, ant and dec
t917, Tag, ant
t918, Tag, dec
p93, Person, Movieclips Trailers
t920, Tag, top trailers
t921, Tag, new trailers
t922, Tag, best trailers
t923, Tag, new this week
t924, Tag, know before you go
t925, Tag, 2019 trailers
t926, Tag, spies in disguise
t927, Tag, fred rogers
t928, Tag, mister rogers
p94, Person, TheEllenShow
t929, Tag, ellen
t930, Tag, ellen degeneres
t931, Tag, ellentube
t932, Tag, the ellen degeneres show
t933, Tag, season 17
t934, Tag, josh gad guest host
t935, Tag, josh gad ellen
t936, Tag, josh gad
t937, Tag, season 17 episode 147
t938, Tag, ellen game
p95, Person, Clevver News
t940, Tag, celeb 2019
t941, Tag, celeb news 2019
t942, Tag, taylor swift amas
t943, Tag, billie eilish
t944, Tag, taylor swift scooter braun
t945, Tag, 2019 amas
t946, Tag, ama
t947, Tag, music awards
t948, Tag, awards show
p96, Person, The Tonight Show Starring Jimmy Fallon
t950, Tag, tonight
t951, Tag, show
t952, Tag, jokes
t958, Tag, clip
p97, Person, Sony Pictures Entertainment
t959, Tag, movie trailer
t960, Tag, leonardo dicaprio
t961, Tag, once upon a time in hollywood
t962, Tag, once in hollywood
t963, Tag, quentin
t964, Tag, leo dicaprio
t965, Tag, brad pitt
t966, Tag, leo and brad
t967, Tag, margot robbie
t968, Tag, quentin tarantino
p98, Person, Miranda Sings
t969, Tag, miranda
t970, Tag, sings
t971, Tag, mirandasings08
t972, Tag, beautiful
t973, Tag, lips
t976, Tag, lipstick
t978, Tag, youtube
p99, Person, CinemaSins
t979, Tag, cinemasins
t980, Tag, cinema sins
t981, Tag, everything wrong with
t982, Tag, eww
t983, Tag, review
t985, Tag, mistakes
t986, Tag, stephen king
t987, Tag, into the woods
t988, Tag, into the woods cinemasins
p100, Person, Tana Paul
t989, Tag, tana mongeau
t990, Tag, tanamongeau
t991, Tag, tana
t992, Tag, mongeau
t993, Tag, tana mongeau youtube
t994, Tag, youtube tana mongeau
t995, Tag, tana mongeau channel
t996, Tag, channel tana mongeau
t997, Tag, tana mongeau story time
t998, Tag, tana story time
p101, Person, Joey Graceffa
t1000, Tag, graceffa
t1001, Tag, puppy
t1002, Tag, lark
t1003, Tag, puppies
t1004, Tag, pregnant
t1005, Tag, new born puppy
t1007, Tag, born
t1008, Tag, baby dog
p102, Person, FaZe Rain
t1009, Tag, fortnite
t1010, Tag, krunker.io
t1011, Tag, faze clan fortnite
t1012, Tag, faze clan
t1014, Tag, clout house
t1015, Tag, fps game
t1016, Tag, faze rain fortnite
t1017, Tag, faze rain update
t1018, Tag, faze exposed
p103, Person, FGTeeV
t1019, Tag, fgteev
t1020, Tag, fgteev youtube
t1021, Tag, youtube fgteev
t1022, Tag, fgteev gaming
t1023, Tag, fgteev minecraft
t1024, Tag, fgteev roblox
t1025, Tag, fgteev hello neighbor
t1026, Tag, family gaming
p104, Person, FaZe Adapt
t1030, Tag, challenge
t1032, Tag, faze kay
t1034, Tag, faze jarvis
t1035, Tag, pop up
t1036, Tag, brother nature
t1038, Tag, faze rug
p105, Person, RiceGum
t1042, Tag, ace family
t1045, Tag, pg
t1047, Tag, tiktok
t1048, Tag, ricegum
p106, Person, UnspeakableGaming
t1049, Tag, minecraft
t1050, Tag, unspeakablegaming
t1051, Tag, unspeakable
t1052, Tag, mini game
t1053, Tag, mod
t1056, Tag, custom
t1057, Tag, map
p107, Person, Kelly Plays - Little Kelly
t1060, Tag, little kelly
t1061, Tag, little kelly minecraft
t1062, Tag, minecraft little kelly
t1063, Tag, little kelly adventures
t1064, Tag, kelly little
t1065, Tag, the little club
t1066, Tag, little club
t1068, Tag, minecraft roleplay
p108, Person, SSSniperWolf
t1069, Tag, sssniperwolf
t1070, Tag, sniper wolf
t1073, Tag, reacting
t1074, Tag, things
t1075, Tag, riddles
t1076, Tag, brain teasers
t1077, Tag, brain teasers with answers
t1078, Tag, riddles with answers
p109, Person, jacksepticeye
t1079, Tag, jacksepticeye
t1082, Tag, funny moments
t1083, Tag, death stranding
t1084, Tag, death stranding gameplay
t1085, Tag, death stranding walkthrough
t1086, Tag, death stranding gameplay part 1
t1087, Tag, death stranding ps4
t1088, Tag, death stranding walkthrough part 1
p110, Person, LetsPlay
t1089, Tag, video game
t1091, Tag, game play
t1094, Tag, lets play
t1095, Tag, let's play
p111, Person, GameGrumps
t1099, Tag, egoraptor
t1100, Tag, game grumps
t1101, Tag, arin
t1104, Tag, danny
t1105, Tag, gamegrumps
t1107, Tag, letsplay
p112, Person, FaZe Rug
t1110, Tag, rug
t1111, Tag, rugfaze
t1112, Tag, fazerug
t1113, Tag, faze rug challenge
t1114, Tag, faze rug worst reviewed
t1115, Tag, last to
t1116, Tag, faze rug last to
t1117, Tag, faze rug last to challenge
t1118, Tag, last to challenge
p113, Person, DEATH BATTLE!
t1119, Tag, battle animation
t1120, Tag, fight animation
t1122, Tag, boomstick
t1123, Tag, animated fight
t1124, Tag, animated battle
t1125, Tag, chad james
t1126, Tag, ben singer
t1127, Tag, deadpool
p114, Person, SSundee
t1129, Tag, fortnite creative
t1130, Tag, fortnite slide
t1131, Tag, fortnite for loot
t1132, Tag, fortnite loot
t1133, Tag, fortnite new
t1134, Tag, ssundee games
t1135, Tag, teen friendly
t1137, Tag, fortnite game mode
t1138, Tag, kids
p115, Person, Smosh Games
t1144, Tag, mari takahashi
t1145, Tag, lasercorn
t1148, Tag, matt raub
p116, Person, YOGSCAST Lewis & Simon
t1149, Tag, yogscast
t1150, Tag, lewis
t1151, Tag, bluexephos
t1152, Tag, garry's mod
t1153, Tag, g mod
t1154, Tag, garrys mod
t1155, Tag, gmod multiplayer
t1156, Tag, simon
t1157, Tag, gmod ttt
t1158, Tag, gmod
p117, Person, Rooster Teeth
t1160, Tag, television
t1161, Tag, filmmaking
t1162, Tag, comics
t1163, Tag, austin
t1164, Tag, texas
t1165, Tag, production
t1166, Tag, movies
t1167, Tag, web series
t1168, Tag, games
p118, Person, iBallisticSquid
t1169, Tag, iballisticsquid
t1170, Tag, squiddy
t1171, Tag, squid
t1172, Tag, pc
t1174, Tag, 360
t1175, Tag, xbox
t1176, Tag, hardcore minecraft
t1177, Tag, episode 3
t1178, Tag, ark valguero
p119, Person, VanossGaming
t1179, Tag, card game
t1180, Tag, box
t1181, Tag, rage
t1182, Tag, duos
t1183, Tag, new map
t1184, Tag, crash
t1185, Tag, alarm
t1186, Tag, co-op
t1187, Tag, soundboard
t1188, Tag, salt
p120, Person, The Game Theorists
t1189, Tag, game theory
t1190, Tag, game theorists
t1191, Tag, matpat
t1193, Tag, the science
t1194, Tag, the science of
t1195, Tag, minecraft theory
t1196, Tag, game theory minecraft
t1197, Tag, matpat minecraft
t1198, Tag, five nights at freddy's
p121, Person, Cinemassacre
t1199, Tag, monster madness 2019
t1200, Tag, monster madness
t1201, Tag, mike matei
t1202, Tag, avgn
t1203, Tag, cinemassacre monster madness
t1204, Tag, james rolfe
t1205, Tag, cinemassacre
t1206, Tag, angry video game nerd
t1207, Tag, james and mike mondays
t1208, Tag, retro
p122, Person, CaptainSparklez
t1209, Tag, captainsparklez
t1210, Tag, captain
t1211, Tag, sparklez
t1212, Tag, lets
t1213, Tag, play
t1216, Tag, survival
t1217, Tag, minecraft survival
t1218, Tag, minecraft hardcore
p123, Person, PopularMMOs
t1221, Tag, mini-games
t1222, Tag, mini games
t1223, Tag, mods
t1225, Tag, trolling
t1227, Tag, videos
p124, Person, PewDiePie
t1229, Tag, pewds
t1230, Tag, pewdie
t1231, Tag, pdp
t1232, Tag, pewdiepie
t1233, Tag, pewdiepie you laugh you lose
t1234, Tag, you laugh you lose
t1235, Tag, satire
t1236, Tag, you laugh you drink
t1237, Tag, ylyl
t1238, Tag, pewdiepie ylyl
p125, Person, Markiplier
t1239, Tag, markiplier
t1242, Tag, multiplayer
t1245, Tag, collab
t1247, Tag, muyskerm
p126, Person, iHasCupquake
t1249, Tag, ihascupquake
t1250, Tag, cupquake
t1253, Tag, gamer
t1254, Tag, girl
t1255, Tag, halloween
t1256, Tag, minecraft mods
t1258, Tag, cupquake minecraft
p127, Person, The Film Theorists
t1259, Tag, film theory
t1260, Tag, film theorists
t1262, Tag, scary
t1264, Tag, creepypasta
t1266, Tag, batman
t1267, Tag, joker trailer
t1268, Tag, joker 2019
p128, Person, DanTDM
t1269, Tag, dantdm
t1270, Tag, dan tdm
t1271, Tag, tdm
t1272, Tag, dan
t1275, Tag, yt:quality=high
t1276, Tag, dantdm minecraft
p129, Person, KSI
t1279, Tag, ksi logan paul 2
t1281, Tag, ksi vs logan paul press conference
t1282, Tag, ksi vs logan paul uk press conference
t1283, Tag, ksi fight
t1284, Tag, ksi boxing
t1285, Tag, trap
t1287, Tag, dazn
t1288, Tag, matchroom boxing
p130, Person, stampylonghead
t1289, Tag, live stream
t1291, Tag, stampy
t1292, Tag, iballistic squid
t1294, Tag, hypixel
t1296, Tag, sever
t1297, Tag, bed battle
p131, Person, IGN
t1301, Tag, top videos
t1302, Tag, shows
t1304, Tag, ign news
t1305, Tag, breaking news
t1307, Tag, star wars
t1308, Tag, darth sidious
p132, Person, Brooklyn and Bailey
t1309, Tag, twins
t1310, Tag, twin
t1311, Tag, twin swap
t1312, Tag, identical twins
t1314, Tag, girls
t1315, Tag, college
t1316, Tag, brooklyn
t1317, Tag, bailey
t1318, Tag, the ace family
p133, Person, MyLifeAsEva
t1319, Tag, my life as eva
t1320, Tag, literally my life
t1321, Tag, morning routine
t1322, Tag, high school
t1323, Tag, expectation vs. reality
t1325, Tag, eva
t1326, Tag, back to school
t1327, Tag, vlog channel
t1328, Tag, song
p134, Person, Manny Mua
t1329, Tag, makeup
t1330, Tag, laura lee
t1331, Tag, james charles
t1332, Tag, new makeup
t1333, Tag, makeup tutorial
t1335, Tag, first impressions
t1336, Tag, manny mua
t1338, Tag, lunar beauty
p135, Person, Maria Bethany
t1339, Tag, maria bethany
t1340, Tag, how to
t1341, Tag, get ready with me
t1342, Tag, makeup routine
t1343, Tag, maria bethany hairstyles
t1344, Tag, everyday makeup
t1348, Tag, skincare routine
p136, Person, My Natural Sistas
t1349, Tag, 4b
t1350, Tag, 4a
t1351, Tag, protective style
t1352, Tag, hair tutorial
t1355, Tag, 4c
t1357, Tag, motherhood
t1358, Tag, pampers pure
p137, Person, MayBaby
t1359, Tag, maybaby
t1360, Tag, upload today
t1361, Tag, upload
t1364, Tag, meg deangelis
t1365, Tag, clueless
t1367, Tag, i only ate red food for 24 hours
t1368, Tag, i only ate pink food for 24 hours
p138, Person, AlishaMarie
t1369, Tag, alisha
t1370, Tag, alishamarie
t1374, Tag, haul
t1375, Tag, shopping
t1376, Tag, try on
t1377, Tag, money
t1378, Tag, youtuber
p139, Person, Cosmobyhaley
t1379, Tag, haley wight
t1380, Tag, cosmo by haley
t1381, Tag, cosmobyhaley
t1384, Tag, glitter
t1385, Tag, tutorial
t1386, Tag, grwm
t1387, Tag, highlight
t1388, Tag, look
p140, Person, Paige Secosky
t1391, Tag, a day in my life
t1393, Tag, manhattan
t1396, Tag, new york
t1397, Tag, student
p141, Person, Clevver Style
t1399, Tag, clevver
t1400, Tag, clevver style
t1404, Tag, outfit ideas
t1406, Tag, fashion review
t1407, Tag, fashion police
t1408, Tag, cheat day
p142, Person, Rclbeauty101
t1409, Tag, rclbeauty101
t1411, Tag, rachel levin
t1412, Tag, style swap
t1413, Tag, swap
t1414, Tag, swapping
t1418, Tag, professional makeup artist
p143, Person, Naptural85
t1419, Tag, black natural hair
t1420, Tag, simple natural hair care
t1421, Tag, type 4 hair
t1422, Tag, how to grow healthy natural hair
t1423, Tag, black hair care
t1424, Tag, curly hair
t1425, Tag, natural hairstyles for black women
t1426, Tag, 4c natural hair
t1427, Tag, black hair
t1428, Tag, african american hair
p144, Person, Beardbrand
t1429, Tag, beardbrand
t1430, Tag, barbershop
t1431, Tag, barber
t1432, Tag, haircut
t1433, Tag, skin fade
t1436, Tag, men's haircut
t1437, Tag, mens grooming
t1438, Tag, mens haircut
p145, Person, Ashley Devonna
t1439, Tag, apartment hunting
t1440, Tag, apartment hunting vlog
t1441, Tag, apartment hunting in dallas
t1442, Tag, apartment shopping
t1443, Tag, apartment shopping vlog
t1444, Tag, apartment tour
t1445, Tag, luxury apartment tour
t1446, Tag, luxury apartment hunting
t1447, Tag, ashley devonna
t1448, Tag, ashleydbeauty
p146, Person, Wengie's Life
t1449, Tag, wengie
t1452, Tag, video blog
t1454, Tag, unicorn hair
t1455, Tag, hairstyles
t1457, Tag, cat videos
p147, Person, Kathryn Ann
t1459, Tag, kathryn ann
t1460, Tag, life
t1462, Tag, school
t1463, Tag, nursing school
t1464, Tag, easy
t1465, Tag, tips
t1466, Tag, nurse
t1467, Tag, studying
t1468, Tag, planning
p148, Person, Cambria Joy
t1469, Tag, cambria joy
t1472, Tag, healthy
t1473, Tag, workout
t1474, Tag, get fit
t1475, Tag, healthy lifestyle
t1476, Tag, healthy recipes
t1477, Tag, get healthy
t1478, Tag, how to start a healthy lifestyle
p149, Person, jeffreestar
t1480, Tag, ryland adams
t1482, Tag, jeffree star cosmetics
t1483, Tag, jeffree star approved
t1484, Tag, tati westbrook
t1485, Tag, dolan twins
t1486, Tag, nikkietutorials
t1487, Tag, jeffree star review
t1488, Tag, jawbreaker palette
p150, Person, Sally Jo
t1489, Tag, sally jo vlogs
t1490, Tag, nz
t1491, Tag, australia
t1492, Tag, sydney
t1493, Tag, sally jo shaaanxo
t1494, Tag, sally jo hickey
t1495, Tag, follow me vlog
t1496, Tag, sally jo life update
t1497, Tag, try on haul
t1498, Tag, new zealand
p151, Person, Cute Girls Hairstyles
t1499, Tag, brooklynandbailey
t1505, Tag, kamrinoel
t1506, Tag, kamri noel
t1507, Tag, kamri
t1508, Tag, rylan
p152, Person, Sharee Love
t1509, Tag, sharee
t1510, Tag, sharee love
t1511, Tag, shareeslove
t1512, Tag, kelliesweet
t1513, Tag, wig
t1515, Tag, cheeks
t1516, Tag, piercings
t1518, Tag, 10minmakeupchallenge
p153, Person, Wengie
t1521, Tag, fun
t1522, Tag, kid
t1524, Tag, educational
t1525, Tag, best
t1527, Tag, hacks
p154, Person, grav3yardgirl
t1534, Tag, new
t1535, Tag, clothes
t1536, Tag, clothing
t1538, Tag, follow me around
p155, Person, MyaNicole
t1540, Tag, routine
t1541, Tag, 2017
t1542, Tag, starbucks
t1543, Tag, 9-14-16
t1546, Tag, morning
t1547, Tag, maybeline
t1548, Tag, tour
p156, Person, Danielle Mansutti
t1549, Tag, danimansutti
t1550, Tag, moving house
t1551, Tag, moving vlog
t1552, Tag, moving vlog uk
t1553, Tag, london vlog
t1554, Tag, moving house vlog
t1555, Tag, moving to london
t1556, Tag, danimansutti house
t1557, Tag, moving day
t1558, Tag, moving house vlog uk
p157, Person, KathleenLights
t1559, Tag, kathleen lights
t1560, Tag, colourpop
t1562, Tag, guru
t1563, Tag, drugstore
t1564, Tag, high end
t1565, Tag, kathleen fuentes
t1566, Tag, lightslabel
p158, Person, Tasmin Dhaliwal
t1569, Tag, tasmin
t1570, Tag, tasmin dhaliwal
t1574, Tag, makeup look
t1575, Tag, punjabi
t1577, Tag, indian wedding
t1578, Tag, punjabi wedding
p159, Person, Niki and Gabi
t1579, Tag, niki and gabi
t1581, Tag, niki and gabi challenge
t1582, Tag, funny prank
t1584, Tag, opposite twins
t1586, Tag, drive thru
t1587, Tag, drive thru prank
t1588, Tag, niki and gabi songs
p160, Person, Kaushal Beauty
t1589, Tag, kaushal beauty
t1593, Tag, kaushal
t1594, Tag, indian makeup tutorial
t1596, Tag, before and after
t1597, Tag, indian wedding makeup
p161, Person, ThreadBanger
t1599, Tag, threadbanger
t1601, Tag, man vs pin
t1602, Tag, pinterest
t1603, Tag, pinterest fails
t1605, Tag, simplynailogical
t1606, Tag, haunt
t1607, Tag, corinne vs pin
t1608, Tag, 5 minute craps
p162, Person, SB Nation
t1609, Tag, mlb
t1610, Tag, baseball
t1611, Tag, sports
t1612, Tag, sb nation
t1613, Tag, football
t1614, Tag, nba playoffs
t1615, Tag, will buikema
t1616, Tag, nfl
t1617, Tag, rewinder
t1618, Tag, mlb playoffs
p163, Person, TeamFlightBrothers
t1619, Tag, team
t1620, Tag, flight
t1622, Tag, slam
t1623, Tag, dunk
t1624, Tag, contest
t1625, Tag, hops
t1626, Tag, highlights
t1628, Tag, dunkers
p164, Person, WWE
t1629, Tag, world wrestling entertainment
t1630, Tag, wrestler
t1631, Tag, wrestle
t1632, Tag, superstars
t1633, Tag, कुश्ती
t1634, Tag, पहलवान
t1635, Tag, डब्लू डब्लू ई
t1636, Tag, मैच
t1637, Tag, सुपरस्टार
t1638, Tag, व्यावसायिक कुश्ती
p165, Person, SLS
t1639, Tag, world skate
t1640, Tag, world championship
t1641, Tag, 2018
t1642, Tag, dashawn jordan
t1643, Tag, monster energy
t1644, Tag, leticia bufoni
t1645, Tag, yuto horigome
t1646, Tag, kelvin hoefler
t1647, Tag, sls
t1648, Tag, street league
p166, Person, Man of Water
t1649, Tag, surf
t1650, Tag, beach
t1651, Tag, surfer
t1652, Tag, surfing
t1653, Tag, mike lucas media
t1654, Tag, ocean
t1655, Tag, surf vacations
t1656, Tag, surf travel
t1657, Tag, surf videos
t1658, Tag, visit beaches
p167, Person, nbagleague
t1659, Tag, team-1612709926
t1660, Tag, game-2021900097
t1661, Tag, game-2021900096
t1662, Tag, game-2021900095
t1663, Tag, team-1612709902
t1664, Tag, player-1629139
t1665, Tag, team-1612709913
t1666, Tag, game-2021900101
t1667, Tag, player-1628367
t1668, Tag, team-1612709918
p168, Person, Dude Perfect
t1669, Tag, dude perfect
t1670, Tag, dude perfect stereotypes
t1671, Tag, dude perfect water bottle flip
t1672, Tag, bottle flip
t1673, Tag, water bottle flip
t1674, Tag, dude perfect bottle flip
t1675, Tag, dude perfect basketball
t1676, Tag, dp
t1677, Tag, dude perfect world record
t1678, Tag, edition
p169, Person, Coach Jeremy
t1679, Tag, hockey
t1680, Tag, ice hockey
t1681, Tag, hockey training
t1682, Tag, nhl
t1683, Tag, hockey movement
t1684, Tag, how to hockey
t1685, Tag, national hockey league
t1686, Tag, ps4
t1687, Tag, disney
t1688, Tag, disney 4 year old
p170, Person, StuntsAmazing
t1689, Tag, parkour tutorial
t1690, Tag, world best parkour
t1691, Tag, world best parkour and freerunning
t1692, Tag, backflip tutorial
t1693, Tag, shifer
t1694, Tag, best parkour
t1695, Tag, parkour compilation
t1696, Tag, parkour gameplay
t1697, Tag, parkour montage
t1698, Tag, epicmetalpiece
p171, Person, Championship Productions
t1699, Tag, track & field dvd
t1700, Tag, track & field video
t1701, Tag, track and field
t1702, Tag, don babbitt
t1703, Tag, discus
t1704, Tag, front throw
t1705, Tag, release
t1706, Tag, trunk
t1707, Tag, championship productions
t1708, Tag, georgia
p172, Person, nbaworthy
t1709, Tag, nbaworthy
t1710, Tag, nba
t1711, Tag, nba 2016
t1712, Tag, nba 2015-16
t1713, Tag, team usa basketball 2016
t1714, Tag, usa basketball 2016
t1715, Tag, nba game winners 2016
t1716, Tag, nba clutch shots 2016
t1717, Tag, usa basketball
t1718, Tag, nba 2019
p173, Person, FIBA
t1719, Tag, basketball live stream
t1722, Tag, 20.11.2019
t1723, Tag, 20/11/2019
t1724, Tag, association
t1726, Tag, 26.11.2019
t1727, Tag, 26/11/2019
t1728, Tag, women basketball
p174, Person, SneakerHeadInTheBay
t1729, Tag, marko
t1731, Tag, custom sneakers
t1732, Tag, on feet
t1733, Tag, how to customize sneakers
t1734, Tag, sneaker review
t1738, Tag, sneakerhead
p175, Person, Oldskoolbball
t1739, Tag, michael jordan
t1741, Tag, chicago bulls
t1742, Tag, dennis rodman
t1743, Tag, carmelo anthony
t1744, Tag, first take
t1745, Tag, first take today
t1746, Tag, shaquille o'neal
t1747, Tag, kobe bryant
p176, Person, MLB
t1751, Tag, mlb highlights
t1752, Tag, mike trout
t1753, Tag, gerrit cole
t1754, Tag, justin verlander
t1755, Tag, baseball highlights
t1756, Tag, cody bellinger
t1757, Tag, jacob degrom
t1758, Tag, astros
p177, Person, THE HANNIBAL TV
t1759, Tag, aew
t1760, Tag, shoot interview
t1761, Tag, wcw
t1762, Tag, wwe
t1763, Tag, wwf
t1764, Tag, ecw
t1765, Tag, tna
t1766, Tag, nwa
t1767, Tag, nxt
t1768, Tag, njpw
p178, Person, TMZSports
t1770, Tag, tmz 2019
t1771, Tag, raw video
t1772, Tag, tmz 2018
t1775, Tag, tmz 2017
t1776, Tag, nfl highlights
t1777, Tag, deontay wilder
t1778, Tag, fs1
p179, Person, mmadigest
t1779, Tag, ufc
t1780, Tag, mma
t1781, Tag, penn state
t1782, Tag, combate americas
t1783, Tag, nicaragua
t1785, Tag, luis ortiz
t1787, Tag, one
t1788, Tag, cambodian
p180, Person, Paul Rabil
t1789, Tag, “gopro”
t1790, Tag, “warrior”
t1791, Tag, “red
t1792, Tag, bull”
t1793, Tag, “entrepreneur”
t1794, Tag, pro lacrosse
t1795, Tag, “lacrosse”
t1796, Tag, paul rabil
t1797, Tag, rabil lacrosse
t1798, Tag, paul rabil lacrosse
p181, Person, SneakerheadinthebayVlogs
t1799, Tag, sneakerheadinthebayvlogs
t1800, Tag, sneakerheadinthebay
t1803, Tag, amazon fbb
t1804, Tag, tesla
t1805, Tag, how to make money on amazon
t1806, Tag, aaa
t1807, Tag, vankulture
t1808, Tag, elon musk
p182, Person, The Come Up BMX
t1809, Tag, tcu bmx
t1810, Tag, oss
t1811, Tag, tcu
t1812, Tag, bmx for kids
t1813, Tag, nate
t1814, Tag, richter
t1815, Tag, adam22
t1816, Tag, cult bmx
t1818, Tag, insane
p183, Person, THESNEAKERADDICT
t1819, Tag, dj delz
t1820, Tag, the sneaker addict
t1821, Tag, sneaker news
t1823, Tag, sneakers
t1824, Tag, travis scott
t1825, Tag, sneaker collection
t1826, Tag, sneaker addict
t1828, Tag, performance review
p184, Person, Tom Daley
t1829, Tag, travel
t1830, Tag, matty lee
t1831, Tag, tom and matty
t1832, Tag, japan
t1833, Tag, tom daley baby
t1834, Tag, korea
t1835, Tag, gb divers
t1836, Tag, turkey
t1837, Tag, bulk powders
t1838, Tag, tom does japan
p185, Person, WhatCulture Wrestling
t1839, Tag, what culture
t1840, Tag, whatculture
t1841, Tag, whatculture wrestling
t1842, Tag, whatculture wwe
t1844, Tag, wrestling
t1846, Tag, all elite wrestling
t1847, Tag, cm punk
t1848, Tag, wwe raw
p186, Person, USA Gymnastics
t1849, Tag, usa
t1850, Tag, gymnastics
t1852, Tag, national team
t1855, Tag, gymnastics tricks
t1856, Tag, usa gymnastics
t1857, Tag, gymnast
t1858, Tag, gymnastics tips
p187, Person, Transworld Skateboarding
t1859, Tag, transworld skateboarding
t1860, Tag, skateboarding
t1861, Tag, skateboard
t1862, Tag, skatepark
t1863, Tag, skate
t1864, Tag, flip tricks
t1865, Tag, wheels
t1866, Tag, ollie
t1867, Tag, twskate
t1868, Tag, board
p188, Person, ToNYD2WiLD
t1869, Tag, 2wild4tv
t1870, Tag, air jordan
t1872, Tag, 2019 sneaker releases
t1873, Tag, early sneaker pickups
t1874, Tag, young man
t1876, Tag, air jordan 1
t1877, Tag, sneaker pickup
t1878, Tag, sneaker releases
p189, Person, World Rugby
t1879, Tag, rugby world cup
t1880, Tag, rugby
t1881, Tag, rugby world cup 2019
t1882, Tag, south africa
t1883, Tag, world rugby
t1884, Tag, springboks
t1885, Tag, rwc 2019
t1886, Tag, world rugby awards
t1887, Tag, england v south africa
p190, Person, ThrasherMagazine
t1889, Tag, thrasher
t1890, Tag, magazine
t1891, Tag, thrasher magazine
t1892, Tag, king of the road
t1893, Tag, firing line
t1894, Tag, double rock
t1897, Tag, kickflip
t1898, Tag, hall of meat
p191, Person, Ezvid Wiki
p192, Person, Matt Schaefer
t1899, Tag, matt
t1900, Tag, schaefer
t1901, Tag, ms
t1902, Tag, tech
t1903, Tag, keyboard
t1904, Tag, mechanical
t1906, Tag, unboxing
t1907, Tag, setup
p193, Person, XEETECHCARE
t1909, Tag, samsung galaxy s11
t1910, Tag, galaxy s11 plus
t1911, Tag, samsung galaxy s11 plus
t1912, Tag, galaxy s11 leaks
t1913, Tag, galaxy
t1914, Tag, galaxy s11 rumors
t1915, Tag, galaxy s11 unboxing
t1916, Tag, samsung galaxy s11 leaks
t1917, Tag, galaxy s11 camera
t1918, Tag, galaxy s11 release date
p194, Person, iCrackUriDevice
t1919, Tag, icrackuridevice
t1920, Tag, checkrain
t1921, Tag, checkra1n
t1922, Tag, checkra1n jailbreak
t1923, Tag, 13.2
t1924, Tag, checkrain jailbreak
t1925, Tag, how to jailbreak ios 13
t1926, Tag, jailbreak for ios 13
t1927, Tag, 13.3
t1928, Tag, mac
p195, Person, Paul's Hardware
t1929, Tag, computer
t1930, Tag, personal computer
t1931, Tag, computer hardware
t1932, Tag, paulshardware
t1933, Tag, liquid cooling
t1934, Tag, custom water cooling
t1935, Tag, ryzen
t1936, Tag, water cooled gaming pc
t1937, Tag, paul and kyle
t1938, Tag, tech news
p196, Person, ZONEofTECH
t1939, Tag, iphone 11 pro max battery
t1940, Tag, pixel 4 battery
t1941, Tag, note 10 battery
t1942, Tag, oneplus 7t pro battery
t1943, Tag, iphone 11 pro max
t1944, Tag, pixel 4 xl
t1945, Tag, pixel 4
t1946, Tag, google pixel 4
t1947, Tag, note 10+
t1948, Tag, note 10
p197, Person, DSLRguide
t1949, Tag, dslrguide
t1950, Tag, simon cade
t1952, Tag, dslr guide
t1954, Tag, techniques
t1956, Tag, cinematography
t1957, Tag, cinematic
p198, Person, UrAvgConsumer
t1959, Tag, uravgconsumer
t1960, Tag, uac
t1961, Tag, your average consumer
t1962, Tag, gundam
t1963, Tag, gunpla
t1966, Tag, vs
t1967, Tag, iphone 11
t1968, Tag, smart home
p199, Person, TechSmartt
t1969, Tag, techsmartt
t1970, Tag, techsmart
t1971, Tag, wish
t1973, Tag, airpods 2
t1974, Tag, keaton
t1975, Tag, wish app
t1976, Tag, airpods
t1977, Tag, apple airpods pro
t1978, Tag, apple airpods
p200, Person, TechRadar
t1979, Tag, technology
t1980, Tag, techradar
t1983, Tag, google pixel
t1984, Tag, pixel
t1986, Tag, hands on
t1987, Tag, foldable
t1988, Tag, gadgets
p201, Person, PhoneBuff
t1989, Tag, phonebuff
t1990, Tag, phone buff
t1991, Tag, phone
t1992, Tag, smartphone
t1993, Tag, tech review
t1995, Tag, overview
t1997, Tag, android
p202, Person, wwjoshdew
t1999, Tag, google
t2001, Tag, cpu cooler
t2002, Tag, rgb
t2003, Tag, noctua
t2004, Tag, meshify c
t2005, Tag, 10
p203, Person, Jonathan Morrison
t2010, Tag, tld
t2013, Tag, terror jr
t2015, Tag, deep fusion photo
t2016, Tag, deep fusion camera
t2017, Tag, official
t2018, Tag, comparison
p204, Person, Hak5
t2019, Tag, hak5
t2020, Tag, hack
t2022, Tag, darren kitchen
t2023, Tag, hack5
t2024, Tag, hacker
t2025, Tag, shannon morse
t2026, Tag, snubs
t2027, Tag, def con 27
p205, Person, ColdFusion
t2029, Tag, coldfusion
t2030, Tag, tv
t2031, Tag, dagogo
t2032, Tag, altraide
t2034, Tag, apple
t2037, Tag, facebook
p206, Person, Austin Evans
t2039, Tag, austin evans
t2040, Tag, this is
t2042, Tag, ken
t2043, Tag, ken bolido
t2047, Tag, microsoft
t2048, Tag, mystery tech
p207, Person, PhoneDog
t2049, Tag, beauhd
t2050, Tag, phonedog
t2051, Tag, media
t2053, Tag, mobile
t2056, Tag, install
t2057, Tag, top ios apps
t2058, Tag, best android apps
p208, Person, Techmoan
t2059, Tag, player
t2060, Tag, 1980s
t2062, Tag, tape
t2064, Tag, bluetooth
t2065, Tag, clock
t2066, Tag, digital
t2067, Tag, demo
t2068, Tag, recorder
p209, Person, Tech YES City
t2069, Tag, tech yes city
t2070, Tag, tech vlog
t2071, Tag, cheap gaming pc
t2072, Tag, cheapest gaming pc
t2073, Tag, pc gaming
t2074, Tag, gaming pc
t2075, Tag, pc build
t2076, Tag, budget gaming pc
t2077, Tag, how to optimize windows 10 for gaming
t2078, Tag, hard drive
p210, Person, Bosnianbill
t2079, Tag, master pro series
t2080, Tag, master 7050
t2081, Tag, master lock 7050
t2082, Tag, disc detainer lock
t2083, Tag, lock pick
t2084, Tag, disc detainer lock pick
t2085, Tag, lock picking asmr
t2086, Tag, bike lock
t2087, Tag, tubular lock pick
t2088, Tag, tubular lock pick homemade
p211, Person, Android Authority
t2089, Tag, mobile tech
t2091, Tag, mobile photography
t2092, Tag, best android
t2093, Tag, rog 2
t2094, Tag, asus rog 2
t2095, Tag, android 10
t2096, Tag, android q
t2097, Tag, best samsung
t2098, Tag, smartphones
p212, Person, Jon Rettinger
t2099, Tag, jon rettinger
t2100, Tag, jon4lakers
t2101, Tag, technobuffalo
t2103, Tag, iphone 11 pro
t2106, Tag, new iphone
t2107, Tag, apple iphone 11
t2108, Tag, iphone 11 pro camera
p213, Person, Tampatec
t2111, Tag, ebay repair challenge
t2112, Tag, service
t2113, Tag, how to fix samsung tv
t2114, Tag, tv repair service
t2115, Tag, electronics
t2116, Tag, samsung tv repair
t2117, Tag, tampatec
t2118, Tag, fix
p214, Person, MW Technology
t2119, Tag, benchmarks
t2120, Tag, 4k camera comparison
t2122, Tag, battery life test
t2123, Tag, camera comparison
t2124, Tag, surface pro x vs surface pro 7
t2125, Tag, battery life
t2126, Tag, ps5
t2127, Tag, nintendo switch lite review
t2128, Tag, spec comparison
p215, Person, Linus Tech Tips
t2133, Tag, nvidia
t2134, Tag, amd
t2135, Tag, intel
t2136, Tag, workstation
t2137, Tag, performance
t2138, Tag, competition
p216, Person, Tinkernut
t2142, Tag, tinkernut
t2144, Tag, weekend hacker
t2145, Tag, gigafide
t2146, Tag, tinker
t2147, Tag, arduino
t2148, Tag, raspberry pi
p217, Person, Computing Forever
t2149, Tag, computing forever
t2150, Tag, dave cullen
t2151, Tag, star trek
t2152, Tag, ireland
t2153, Tag, charlie’s angels
t2154, Tag, how is this a thing?
t2156, Tag, rise of skywalker
t2157, Tag, rise of skywalker trailer
t2158, Tag, star wars: the rise of skywalker
p218, Person, Sonic Electronix
t2159, Tag, sonicelectronix.com
t2160, Tag, car audio
t2161, Tag, car speakers
t2162, Tag, sonic electronix review
t2163, Tag, ces 2019
t2164, Tag, subwoofers
t2165, Tag, easy to install
t2166, Tag, crutchfield
t2167, Tag, speakers
t2168, Tag, stereo
p219, Person, Booredatwork.com
t2170, Tag, gadget review
t2171, Tag, project xcloud beta
t2172, Tag, cloud gaming
t2173, Tag, motorola razr vs galaxy fold
t2174, Tag, motorola razr 2019
t2176, Tag, samsung galaxy fold
t2177, Tag, moto
t2178, Tag, galaxy fold review
p220, Person, Unbox Therapy
t2179, Tag, unbox therapy
t2180, Tag, lew later
t2188, Tag, iphone
p221, Person, The Scran Line
t2189, Tag, cupcakes
t2190, Tag, how to make vanilla cupcakes
t2191, Tag, easy cupcake recipes
t2192, Tag, vanilla cupcakes
t2193, Tag, french macarons
t2194, Tag, the scran line
t2195, Tag, the scranline
t2196, Tag, nick makrides
t2197, Tag, pastry design
t2198, Tag, how to pipe cupcakes
p222, Person, Clean & Delicious
t2200, Tag, clean eating
t2201, Tag, Dani Spies
t2202, Tag, easy recipes
t2203, Tag, clean and delicious
t2204, Tag, meal prep
t2205, Tag, grocery haul
t2206, Tag, meal prep recipes
t2207, Tag, breakfast ideas
t2208, Tag, healthy breakfast
p223, Person, STREET FOOD
t2210, Tag, Street Food
t2211, Tag, street food
t2212, Tag, non veg meals
t2213, Tag, veg meals
t2214, Tag, road side meals
t2215, Tag, indian street food
t2216, Tag, awesome roadside meals hyderabad
t2217, Tag, delicious roadside meals
t2218, Tag, aunty meals
p224, Person, Hilah Cooking
t2219, Tag, cooking
t2220, Tag, texmex recipes
t2221, Tag, learn to cook
t2222, Tag, cooking show
t2223, Tag, texmex
t2224, Tag, mexican recipes
t2225, Tag, internet cooking show
t2226, Tag, online cooking show
t2227, Tag, online cooking lessons
t2228, Tag, cooking channel
p225, Person, Chef Mama Rosa
t2229, Tag, Vegan
t2230, Tag, Plant based
t2231, Tag, Onions
t2232, Tag, Chef Mama Rosa
t2233, Tag, Veggie
t2234, Tag, Pasta
t2235, Tag, Cake
t2236, Tag, Brownies
t2237, Tag, Cookies
t2238, Tag, Cook
p226, Person, Artisan Cake Company
t2239, Tag, sugar geek show
t2240, Tag, liz marek
t2241, Tag, cake
t2242, Tag, artisan cake company
t2244, Tag, modeling chocolate
t2245, Tag, chocolate
t2246, Tag, lizzo marek
t2247, Tag, birthday
p227, Person, Home Cooking Adventure
t2249, Tag, side dishes
t2250, Tag, Thanksgiving side dish
t2251, Tag, Thanksgiving side dishes
t2252, Tag, coffee cake
t2253, Tag, nutella mousse cake
t2254, Tag, nutella knots
t2255, Tag, summer dessert
t2256, Tag, chocolate cake
t2257, Tag, roasted sweet potatoes rounds
t2258, Tag, roasted sweet potatoes
p228, Person, Common Man Cocktails
t2259, Tag, rum
t2260, Tag, tequila
t2261, Tag, cocktail recipes
t2262, Tag, tasting
t2264, Tag, gin
t2265, Tag, tiki cocktails
t2266, Tag, rum tasting
t2267, Tag, tiki drinks
t2268, Tag, passion fruit syrup
p229, Person, Steph and Adam
t2269, Tag, vegan meal prep
t2271, Tag, vegan meal prep for weight loss
t2272, Tag, fit couple cooks
t2274, Tag, steph and adam
t2275, Tag, plant based meal prep
t2277, Tag, vegan meal plan
t2278, Tag, vegan meal prep for the week
p230, Person, Just One Cookbook
t2279, Tag, recipe
t2280, Tag, japanese food
t2281, Tag, how to make
t2285, Tag, how to cook
t2286, Tag, 作り方
t2287, Tag, レシピ
t2288, Tag, japanese cuisine
p231, Person, Rajshri Food
t2289, Tag, rajshri food
t2292, Tag, Bhumika
t2293, Tag, breakfast recipes
t2294, Tag, Rajshri Food
t2295, Tag, Rajshri food
t2297, Tag, varun inamdar
t2298, Tag, diwali
p232, Person, Edgy Veg
t2299, Tag, vegan
t2300, Tag, edgy veg
t2301, Tag, easy vegan recipes
t2302, Tag, vegan recipes
t2303, Tag, vegan recipe
t2304, Tag, best vegan recipes
t2305, Tag, vegan cooking
t2306, Tag, veganism
t2307, Tag, sauce stache
t2308, Tag, vegetarian
p233, Person, Erwan Heussaff
t2309, Tag, erwan
t2310, Tag, heussaff
t2311, Tag, thefatkidinside
t2312, Tag, philippines
t2313, Tag, blog
t2317, Tag, manila
p234, Person, Divas Can Cook
t2319, Tag, divascancook
t2321, Tag, cooking video
t2323, Tag, easy recipe
t2324, Tag, cooking videos
t2326, Tag, how to bake
t2328, Tag, food network
p235, Person, Cake Style
t2330, Tag, amazing cakes
t2331, Tag, cake decorating
t2332, Tag, cake style
t2333, Tag, icing
t2334, Tag, frosting
t2335, Tag, learn
t2338, Tag, how to make a cake
p236, Person, Kin
t2339, Tag, kincommunity
t2340, Tag, Kin Community
t2343, Tag, recipes
t2344, Tag, kin
t2346, Tag, home
t2347, Tag, crafts
t2348, Tag, Make Your Way Home
p237, Person, POPSUGAR Food
t2349, Tag, POPSUGAR Food
t2350, Tag, pop sugar food
t2351, Tag, pop sugar
t2353, Tag, eating
t2355, Tag, food tutorials
t2356, Tag, kitchen
t2357, Tag, get the dish
t2358, Tag, dessert recipes
p238, Person, Jenny Mustard
t2359, Tag, minimalism
t2360, Tag, jenny mustard
t2362, Tag, minimalist
t2363, Tag, the mustards
t2365, Tag, david mustard
t2366, Tag, london blogger
t2367, Tag, london
t2368, Tag, uk fashion
p239, Person, How To Make Sushi
t2371, Tag, chef devaux
t2372, Tag, how to make sushi
t2373, Tag, sushi
t2375, Tag, delicious
t2377, Tag, como hacer sushi
t2378, Tag, make sushi
p240, Person, Rosanna Pansino
t2380, Tag, lol
t2382, Tag, rosanna pansino
t2386, Tag, guest
p241, Person, Gordon Ramsay
t2389, Tag, Gordon
t2390, Tag, Gordon Ramsay
t2391, Tag, Ramsay
t2392, Tag, Ramsey
t2393, Tag, Chef Ramsay
t2394, Tag, Recipe
t2395, Tag, Recipes
t2396, Tag, Food
t2397, Tag, Cooking
t2398, Tag, Cookery
p242, Person, ChefSteps
t2399, Tag, thanksgiving
t2400, Tag, chefsteps
t2402, Tag, Apple Pie
t2403, Tag, Super Apple Pie
t2404, Tag, Super
t2405, Tag, Apple
t2406, Tag, Pie
t2407, Tag, Thanksgiving
t2408, Tag, infused oil
p243, Person, HellthyJunkFood
t2409, Tag, fast food
t2412, Tag, fried chicken
t2413, Tag, food review
t2414, Tag, eating show
t2415, Tag, 24 hours
t2417, Tag, filipino food
p244, Person, supercoolben
t2420, Tag, Awesome
t2421, Tag, Eats
t2422, Tag, Show
t2423, Tag, Mukbang
t2424, Tag, Eating
t2425, Tag, Tasty
t2426, Tag, McDonalds
t2427, Tag, Chicken McNuggets
t2428, Tag, Mustafas
p245, Person, caribbeanpot
t2429, Tag, chris de la rosa
t2430, Tag, gluten free
t2431, Tag, caribbeanpot
t2433, Tag, gallivanting
t2434, Tag, trinidad
t2435, Tag, Chris De La Rosa
t2437, Tag, curry
t2438, Tag, spicy
p246, Person, You Suck At Cooking
t2439, Tag, you suck at cooking
t2441, Tag, ysac
t2445, Tag, chef
t2447, Tag, how to-chef
p247, Person, The F Word
t2449, Tag, F word
t2450, Tag, f word uk
t2451, Tag, gordon Ramsay
t2452, Tag, f word gordon Ramsay
t2453, Tag, gordon Ramsay cooking
t2454, Tag, gordon Ramsay recipe
t2455, Tag, gordon Ramsay food
t2456, Tag, f word full episode
t2457, Tag, f word recipe
t2458, Tag, f word watch online
p248, Person, Bhavna's Kitchen
t2459, Tag, food and drink
t2460, Tag, bhavna's kitchen
t2461, Tag, vegetarian cooking
t2462, Tag, quick healthy recipes
t2464, Tag, gluten free recipes
t2465, Tag, indian recipe videos
t2466, Tag, plant based protein recipes
t2467, Tag, indian recipes
t2468, Tag, bhavna's recipes
p249, Person, MommyTang
t2469, Tag, #mukbang
t2470, Tag, #englishmukbang
t2471, Tag, #먹방
t2472, Tag, #vegankimchi
t2473, Tag, #vegan
t2474, Tag, #kimchi
t2475, Tag, #채식
t2476, Tag, #koreanveganfood
t2477, Tag, #veganrecipes
t2478, Tag, #easyasianrecipe
p250, Person, VICE News
t2480, Tag, vice news 2019
t2481, Tag, vice video
t2482, Tag, impeachment hearings
t2483, Tag, donald trump
t2484, Tag, the impeachment show
t2485, Tag, impeachment inquiry
t2486, Tag, vice news international
t2487, Tag, happening now
t2488, Tag, trump supporters
p251, Person, kxan
t2489, Tag, kxanaustin
t2490, Tag, kxanaustinnews
t2491, Tag, austinnews
t2492, Tag, kxan_news
t2495, Tag, austin news
t2496, Tag, austin police department
t2497, Tag, apd
t2498, Tag, investigates
p252, Person, The Young Turks
t2499, Tag, political establishment
t2500, Tag, 2020
t2501, Tag, 2020 election
t2502, Tag, impeachment investigation
t2504, Tag, public impeachment hearings
t2505, Tag, democratic debate
t2506, Tag, medicare for all
t2507, Tag, healthcare
t2508, Tag, health insurance
p253, Person, euronews (in English)
t2509, Tag, web-digital-stories
t2510, Tag, world
t2511, Tag, unreported-europe
t2512, Tag, inspire-middle-east
t2513, Tag, the-cube
t2514, Tag, domestic violence
t2515, Tag, ukraine
t2516, Tag, soviet union
t2517, Tag, famine
t2518, Tag, weather
p254, Person, RockNewmanShow
t2519, Tag, gentrification
t2520, Tag, ned sublette
t2521, Tag, constance sublette
t2522, Tag, rock newman
t2523, Tag, slave breeding
t2524, Tag, thomas jefferson
t2525, Tag, american slavery
t2526, Tag, american slave coast
t2527, Tag, abraham lincoln
t2528, Tag, george washington slaves
p255, Person, Bloomberg
t2529, Tag, bloomberg
t2531, Tag, climate change
t2532, Tag, businessweek
t2533, Tag, traveler
t2534, Tag, south korea
t2535, Tag, business
t2536, Tag, disease
t2537, Tag, medicine
t2538, Tag, space
p256, Person, The Majority Report w/ Sam Seder
t2539, Tag, sam seder
t2540, Tag, majority report
t2541, Tag, politics today
t2542, Tag, progressive news
t2543, Tag, political podcast
t2544, Tag, majority fm
t2545, Tag, seder today
t2546, Tag, sam seder podcast
t2547, Tag, liberal news
t2548, Tag, democrats
p257, Person, StormChasingVideo
t2549, Tag, winter storm
t2550, Tag, snow storm
t2551, Tag, wisconsin
t2552, Tag, scvwordpress
t2554, Tag, storms
t2555, Tag, hail storm
t2556, Tag, phoenix
t2557, Tag, az
t2558, Tag, arizona
p258, Person, The Telegraph
t2559, Tag, labour
t2561, Tag, jeremy corbyn
t2562, Tag, fire
t2563, Tag, manifesto
t2564, Tag, police
t2565, Tag, brexit deal
t2566, Tag, boris johnson
t2567, Tag, boris
t2568, Tag, conservatives
p259, Person, Peter Schiff
t2569, Tag, gold
t2570, Tag, inflation
t2571, Tag, dollar
t2572, Tag, interest rates
t2573, Tag, silver
t2574, Tag, economy
t2575, Tag, fed
t2576, Tag, recession
t2577, Tag, bitcoin
t2578, Tag, peter schiff
p260, Person, VICE
t2579, Tag, docs
t2580, Tag, culture
t2582, Tag, independent
t2583, Tag, vice.com
t2584, Tag, vice
t2585, Tag, vice videos
t2588, Tag, underground
p261, Person, CBC News
t2591, Tag, federal election
t2593, Tag, western alienation
t2594, Tag, impeachment
t2595, Tag, canada
t2596, Tag, construction
t2598, Tag, departmental review
p262, Person, Journeyman Pictures
t2599, Tag, extinction
t2600, Tag, poaching
t2601, Tag, elephants
t2602, Tag, communism
t2603, Tag, nature
t2604, Tag, illness
t2605, Tag, ethics
t2606, Tag, africa
t2607, Tag, central africa
t2608, Tag, cameroon
p263, Person, CNN
t2610, Tag, cnn international
t2611, Tag, us news
t2612, Tag, biden
t2614, Tag, cnn tonight
t2615, Tag, don lemon
t2616, Tag, hong kong
t2617, Tag, chris cuomo
p264, Person, Thom Hartmann Program
t2619, Tag, quid pro quo
t2620, Tag, thom hartmann
t2622, Tag, congress
t2623, Tag, senate
t2624, Tag, washington
t2625, Tag, thom hartmann program
t2626, Tag, too far left
t2627, Tag, obama revolutionary democrats
t2628, Tag, obama
p265, Person, Associated Press
t2630, Tag, aftermath
t2631, Tag, ap news
t2632, Tag, local news
t2633, Tag, associated press
t2634, Tag, apus127205
t2635, Tag, a5f8336caf0b40219c2be52a2ef3dbed
t2636, Tag, iraq pence (cr)
t2637, Tag, adil abdul-mahdi
t2638, Tag, michael pence
p266, Person, TYT's The Conversation
t2640, Tag, tyt interview
t2641, Tag, progressive democrat
t2642, Tag, income inequality
t2643, Tag, housing crisis
t2644, Tag, justice democrats
t2645, Tag, 191121__tc01gallagher
t2648, Tag, tyt
p267, Person, Right Side Broadcasting Network
t2649, Tag, speech
t2651, Tag, president trump
t2653, Tag, trump rally
t2654, Tag, bossier city
t2655, Tag, louisiana
t2656, Tag, trump rally live
t2657, Tag, #trump
t2658, Tag, #rally
p268, Person, Comrade Stump
t2659, Tag, 2016
t2660, Tag, milo yiannopoulos
t2662, Tag, can't stump
t2663, Tag, ben carson
t2664, Tag, united states
t2665, Tag, make america great again
t2666, Tag, north korea
t2667, Tag, kim jong un
t2668, Tag, kanye west
p269, Person, BBC News
t2669, Tag, bbc
t2670, Tag, bbc news
t2673, Tag, hong kong protest
t2675, Tag, jo swinson
t2676, Tag, election
t2677, Tag, hong kong protests
t2678, Tag, hong kong news
p270, Person, American Heroes Channel
t2679, Tag, history documentary
t2680, Tag, civil war
t2681, Tag, battle tales
t2682, Tag, military service
t2683, Tag, military veteran
t2684, Tag, combat veteran
t2685, Tag, war stories
t2686, Tag, adolf hitler
t2687, Tag, holocaust
t2688, Tag, genocide
p271, Person, SBS Dateline
t2690, Tag, international film
t2691, Tag, journalism
t2692, Tag, reporting
t2694, Tag, crime
t2695, Tag, tradition
t2697, Tag, freedom
t2698, Tag, sex
p272, Person, Fox News
t2700, Tag, fox news channel
t2703, Tag, trump news
t2705, Tag, personality
t2706, Tag, primary_politics
t2708, Tag, trump impeachment
p273, Person, FOX 10 Phoenix
t2711, Tag, #impeachmenthearing
t2712, Tag, #impeachmenthearings
t2713, Tag, jim jordan
t2714, Tag, closing statement
t2715, Tag, shifty schiff
t2716, Tag, impeachment hearing
t2717, Tag, adam schiff
t2718, Tag, impeachment hearing day 5
p274, Person, RT America
t2720, Tag, strike
t2722, Tag, teachers
t2723, Tag, california
t2724, Tag, brain
t2725, Tag, oil
t2726, Tag, sex offender
t2727, Tag, protests
p275, Person, Rebel News
t2730, Tag, ezra levant
t2731, Tag, keean bexte
t2732, Tag, sheila gunn reid
t2733, Tag, china
t2734, Tag, ron maclean
t2735, Tag, wexit
t2738, Tag, protest
p276, Person, The Guardian
t2739, Tag, guardian
t2741, Tag, gdnpfpnewsuk
t2742, Tag, uk
t2743, Tag, gdnpfpnewsworld
t2745, Tag, gdnpfpnewspolitics
t2747, Tag, poverty
t2748, Tag, death anxiety
